{"cameraMode":{"drawMode":0,"name":"Shaded","section":"Shading Mode"},"sceneLighting":false,"audioPlay":false,"sceneViewState":{"showFog":true,"showMaterialUpdate":false,"showSkybox":false,"showFlares":true,"showImageEffects":true,"showParticleSystems":true},"in2DMode":false,"pivot":{"x":0.00004278495907783508,"y":0.07430031150579453,"z":0.00025602104142308235},"rotation":{"x":-0.06524939090013504,"y":0.1452656388282776,"z":0.009601711295545102,"w":0.9871933460235596},"size":0.13583332300186158,"orthographic":false}